{"type": "metrics", "dataset": "train", "precision": 0.9716840536512668, "balanced_accuracy": 0.8420465052890491, "recall": 0.68994708994709, "f1_score": 0.806930693069307}
{"type": "metrics", "dataset": "test", "precision": 0.6594827586206896, "balanced_accuracy": 0.6727589688644979, "recall": 0.40136411332633787, "f1_score": 0.49902152641878667}
{"type": "cm_matrix", "dataset": "train", "true_0": {"predicted_0": 16133, "predicted_1": 95}, "true_1": {"predicted_0": 1465, "predicted_1": 3260}}
{"type": "cm_matrix", "dataset": "test", "true_0": {"predicted_0": 6678, "predicted_1": 395}, "true_1": {"predicted_0": 1141, "predicted_1": 765}}